{"FeederHeadLine": "Line.line3-1", "FeederHeadLoading": 0.13654576312802866, "FeederHeadLoadKW": -3052.603826340262, "FeederHeadLoadKVar": -1784.4913324106913, "ReversePowerFlow": false}